seed,model,accuracy,correct,n_test
0,logistic_regression,0.325,13,40
0,linear_svm,0.375,15,40
0,multinomial_nb,0.375,15,40
1,logistic_regression,0.2,8,40
1,linear_svm,0.45,18,40
1,multinomial_nb,0.175,7,40
2,logistic_regression,0.3,12,40
2,linear_svm,0.5,20,40
2,multinomial_nb,0.25,10,40
3,logistic_regression,0.175,7,40
3,linear_svm,0.45,18,40
3,multinomial_nb,0.1,4,40
4,logistic_regression,0.25,10,40
4,linear_svm,0.375,15,40
4,multinomial_nb,0.225,9,40
5,logistic_regression,0.175,7,40
5,linear_svm,0.35,14,40
5,multinomial_nb,0.125,5,40
6,logistic_regression,0.15,6,40
6,linear_svm,0.3,12,40
6,multinomial_nb,0.1,4,40
7,logistic_regression,0.225,9,40
7,linear_svm,0.425,17,40
7,multinomial_nb,0.225,9,40
8,logistic_regression,0.25,10,40
8,linear_svm,0.5,20,40
8,multinomial_nb,0.175,7,40
9,logistic_regression,0.175,7,40
9,linear_svm,0.425,17,40
9,multinomial_nb,0.075,3,40
10,logistic_regression,0.325,13,40
10,linear_svm,0.475,19,40
10,multinomial_nb,0.325,13,40
11,logistic_regression,0.3,12,40
11,linear_svm,0.4,16,40
11,multinomial_nb,0.275,11,40
12,logistic_regression,0.325,13,40
12,linear_svm,0.45,18,40
12,multinomial_nb,0.3,12,40
13,logistic_regression,0.2,8,40
13,linear_svm,0.4,16,40
13,multinomial_nb,0.075,3,40
14,logistic_regression,0.3,12,40
14,linear_svm,0.375,15,40
14,multinomial_nb,0.25,10,40
15,logistic_regression,0.325,13,40
15,linear_svm,0.425,17,40
15,multinomial_nb,0.225,9,40
16,logistic_regression,0.175,7,40
16,linear_svm,0.35,14,40
16,multinomial_nb,0.15,6,40
17,logistic_regression,0.2,8,40
17,linear_svm,0.325,13,40
17,multinomial_nb,0.175,7,40
18,logistic_regression,0.225,9,40
18,linear_svm,0.45,18,40
18,multinomial_nb,0.15,6,40
19,logistic_regression,0.2,8,40
19,linear_svm,0.25,10,40
19,multinomial_nb,0.125,5,40
20,logistic_regression,0.3,12,40
20,linear_svm,0.45,18,40
20,multinomial_nb,0.225,9,40
21,logistic_regression,0.3,12,40
21,linear_svm,0.375,15,40
21,multinomial_nb,0.25,10,40
22,logistic_regression,0.35,14,40
22,linear_svm,0.375,15,40
22,multinomial_nb,0.3,12,40
23,logistic_regression,0.3,12,40
23,linear_svm,0.425,17,40
23,multinomial_nb,0.225,9,40
24,logistic_regression,0.275,11,40
24,linear_svm,0.35,14,40
24,multinomial_nb,0.225,9,40
25,logistic_regression,0.35,14,40
25,linear_svm,0.45,18,40
25,multinomial_nb,0.275,11,40
26,logistic_regression,0.3,12,40
26,linear_svm,0.375,15,40
26,multinomial_nb,0.25,10,40
27,logistic_regression,0.125,5,40
27,linear_svm,0.325,13,40
27,multinomial_nb,0.1,4,40
28,logistic_regression,0.375,15,40
28,linear_svm,0.525,21,40
28,multinomial_nb,0.275,11,40
29,logistic_regression,0.275,11,40
29,linear_svm,0.475,19,40
29,multinomial_nb,0.2,8,40
